county,year,zhvi,seasonality_score,median_income,median_rent,pct_age_25_34,pct_bachelors_plus,zhvi_next,target_growth,lagged_growth,predicted_zhvi_next,predicted_growth,opportunity_score
Albany County,2022,291524.127425,0.0400137317707307,78829.0,1196.0,0.113394764490971,0.4441596450234841,306901.23846666666,0.052747301492644706,0.09126744207821516,304598.16,0.04484715876000186,0.015383686817325137
Albany County,2023,306901.23846666666,0.026890140514596,83149.0,1252.0,0.1136999245340452,0.4515350217946791,327621.83428333333,0.06751551710964238,0.052747301492644706,326555.16,0.06403987771938562,0.020866607785403626
Albany County,2024,327621.83428333333,0.0263425051984034,85333.0,1313.0,0.1129841207754764,0.4642163998059194,342694.6650333333,0.04600679555735808,0.06751551710964238,342069.16,0.04409755533623062,0.013459895135711332
Albany County,2025,342694.6650333333,0.0162224392121139,85333.0,1313.0,0.1129841207754764,0.4642163998059194,349004.7348,0.01841309600210121,0.04600679555735808,343111.0,0.0012148860462307147,0.00035450976341068653
Allegany County,2022,110579.10815833331,0.0653380762097786,58725.0,735.0,0.0952945660920757,0.2450362064938098,110350.30098333332,-0.0020691718246847826,0.12164537795108969,121355.66,0.09745555260073381,0.08813197558185361
Allegany County,2023,110350.30098333332,-0.0135721731052323,61233.0,754.0,0.0961362621472771,0.245619335347432,117169.82793333332,0.06179889759457912,-0.0020691718246847826,121355.66,0.0997310851769119,0.09037681301111695
Allegany County,2024,117169.82793333332,0.0421675906209083,62869.0,763.0,0.0962912699590746,0.2485700827669739,124418.123425,0.061861450336777625,0.06179889759457912,125371.7,0.06999989106695062,0.05974224960608356
Allegany County,2025,124418.123425,0.015458797980777,62869.0,763.0,0.0962912699590746,0.2485700827669739,128649.0821,0.034005967607689,0.061861450336777625,129850.91,0.043665526174528076,0.03509579229496249
Bronx County,2022,519156.2836083334,-0.0263021318697772,47036.0,1401.0,0.1400948844570058,0.2121525751047955,461472.0613416667,-0.11111147854310739,-0.0572958699422948,460619.56,-0.11275356372744048,-0.021718616780242048
Bronx County,2023,461472.0613416667,-0.017066417002639,49036.0,1436.0,0.1372915272150784,0.2195612932392074,461873.7056916666,0.0008703546403918249,-0.11111147854310739,460718.22,-0.0016335606308970924,-0.0003539890640719915
Bronx County,2024,461873.7056916666,0.0211169309977533,48676.0,1458.0,0.1353415733008537,0.2238846546053161,480628.9544666666,0.04060687703993373,0.0008703546403918249,477412.7,0.03364335665106426,0.007284103042991493
Bronx County,2025,480628.9544666666,0.0188531815367165,48676.0,1458.0,0.1353415733008537,0.2238846546053161,491230.2616,0.022057154557193138,0.04060687703993373,498062.34,0.03627203297121054,0.007546784818958746
Broome County,2022,145680.60869166665,0.0481039709175881,58317.0,882.0,0.1034759156101126,0.2983246440440257,156550.802025,0.07461661116710562,0.10583607119694605,156575.22,0.07478421566312791,0.05133436518061843
Broome County,2023,156550.802025,0.0360828403003783,61059.0,914.0,0.1050784371238709,0.3058679706601467,172238.41805,0.10020782916522394,0.07461661116710562,166165.95,0.06141872782270716,0.03923245810832642
Broome County,2024,172238.41805,0.0388243114665286,62616.0,941.0,0.1055436776135131,0.310432978959534,179957.69416666668,0.04481738861782744,0.10020782916522394,181213.34,0.05210757159529074,0.030253164297040953
Broome County,2025,179957.69416666668,0.008066995862167,62616.0,941.0,0.1055436776135131,0.310432978959534,183893.6414,0.021871514033115238,0.04481738861782744,194229.7,0.07930757850850982,0.04407012374533961
Cattaraugus County,2022,136239.839925,0.0791188167640415,56889.0,745.0,0.1129610389610389,0.2020027104351754,141036.79160833333,0.03520961038983926,0.1696064447182209,142923.88,0.04906079659723288,0.03601060939607741
Cattaraugus County,2023,141036.79160833333,0.020518958403079,58248.0,759.0,0.1123445651747538,0.2067388551883137,148268.94550833333,0.051278491360496066,0.03520961038983926,148861.88,0.05548256807626018,0.03933907418309559
Cattaraugus County,2024,148268.94550833333,0.0287907841092512,59540.0,770.0,0.11118261212161,0.2112780103422802,152687.81925,0.029803096842138874,0.051278491360496066,154515.89,0.04213252542701577,0.028416284531171593
Cattaraugus County,2025,152687.81925,0.0079556571972791,59540.0,770.0,0.11118261212161,0.2112780103422802,154265.7544,0.010334387888639681,0.029803096842138874,158039.19,0.03504777444779702,0.022953877146160775
Cayuga County,2022,178682.62358333333,0.0549977816398077,63227.0,868.0,0.1206102059839046,0.22976487160039,188515.5272166667,0.05502999360621953,0.08954413264517927,187475.98,0.049212176401504715,0.027541668806174275
Cayuga County,2023,188515.5272166667,0.0353040510595346,66583.0,895.0,0.1168636700943496,0.2387864236603732,205662.302775,0.09095683422737892,0.05502999360621953,199552.8,0.05854833191351834,0.03105756474172387
Cayuga County,2024,205662.302775,0.0466898188006549,67904.0,942.0,0.1160022369577374,0.2461518867581238,211287.22415,0.02735027906963494,0.09095683422737892,215068.22,0.04573475959417965,0.02223779417865154
Cayuga County,2025,211287.22415,-0.00183199948859,67904.0,942.0,0.1160022369577374,0.2461518867581238,216130.3341,0.022921925210971222,0.02735027906963494,220865.06,0.0453308920524242,0.021454629940257184
Chautauqua County,2022,138734.83001666667,0.0739376104076742,54625.0,759.0,0.1113935969868173,0.2428974095118786,144705.7605,0.04303843874401275,0.15153585033027592,146324.05,0.054703039297497306,0.03942992490849317
Chautauqua County,2023,144705.7605,0.0222291103596267,56507.0,797.0,0.1132835690933989,0.2509742790335152,153326.09185833333,0.05957144572923427,0.04303843874401275,154515.89,0.06779363925183887,0.0468493023481528
Chautauqua County,2024,153326.09185833333,0.0307188133584256,58351.0,812.0,0.1111084559994902,0.2512069082749711,160881.47725833333,0.04927657979426521,0.05957144572923427,161416.08,0.0527632718516133,0.03441245466581401
Chautauqua County,2025,160881.47725833333,0.013317150418997,58351.0,812.0,0.1111084559994902,0.2512069082749711,164090.642,0.01994738484725369,0.04927657979426521,163594.55,0.016863778620768124,0.010482113235254132
Chemung County,2022,131437.18830833334,0.0447333875434869,61358.0,991.0,0.1217098966309341,0.2455848672491305,137395.551525,0.045332400162799893,0.09195776323386876,139682.8,0.06273421299399386,0.0477294240704755
Chemung County,2023,137395.551525,0.0145344399677596,63469.0,1020.0,0.1194010023549302,0.2688530760281941,143474.7732,0.04424613175262705,0.045332400162799893,145371.44,0.05805054011191002,0.042250669303035886
Chemung County,2024,143474.7732,0.026067960259439,63716.0,1059.0,0.11789840164583,0.2722214613435595,146378.84473333333,0.02024099058365569,0.04424613175262705,148971.8,0.038313520575058164,0.02670401194616293
Chemung County,2025,146378.84473333333,0.0011076601502543,63716.0,1059.0,0.11789840164583,0.2722214613435595,147684.9279,0.008922622453033047,0.02024099058365569,154625.81,0.05633988833352688,0.03848909207895749
Chenango County,2022,135518.873125,0.0604310430258005,61741.0,798.0,0.1108162051978936,0.1826908919579493,137685.54388333333,0.015987963214059663,0.12352796482222947,139628.36,0.030324088115826316,0.022376284141512864
Chenango County,2023,137685.54388333333,0.0122320981919566,62093.0,819.0,0.1097354610688658,0.1917836621053255,144437.18608333333,0.04903668177191462,0.015987963214059663,146270.31,0.06235054439659184,0.045284742782745614
Chenango County,2024,144437.18608333333,0.0266080804050202,62948.0,875.0,0.1070572742384663,0.1955887605667341,147986.54335,0.024573708218179006,0.04903668177191462,149522.0,0.03520432690881261,0.024373451092090232
Chenango County,2025,147986.54335,0.0009053094842869,62948.0,875.0,0.1070572742384663,0.1955887605667341,150883.8644,0.01957827370254607,0.024573708218179006,154625.81,0.04486400587313946,0.030316273937848866
Clinton County,2022,181835.2320833333,0.0709340389539101,67097.0,944.0,0.1148937236187828,0.2717629382908241,189261.94485,0.04084309009633019,0.11041698357334913,193332.12,0.06322698183923883,0.03477157925602808
Clinton County,2023,189261.94485,0.0241809657284817,69208.0,956.0,0.112929167563734,0.2682087241599126,199871.0446833333,0.056055113677192625,0.04084309009633019,200400.61,0.05885316529864456,0.031096143149796317
Clinton County,2024,199871.0446833333,0.0242490372505099,71224.0,1003.0,0.108608410941103,0.2755407229091439,206925.62054166663,0.03529563709195734,0.056055113677192625,207896.55,0.04015340093099495,0.02008965380383746
Clinton County,2025,206925.62054166663,0.0036174677403551,71224.0,1003.0,0.108608410941103,0.2755407229091439,212612.0122,0.027480365376931895,0.03529563709195734,216766.88,0.047559381156243655,0.022983805017352636
Columbia County,2022,395372.8603666667,0.0681384595418634,81741.0,1114.0,0.0948770925181799,0.3639207728243177,413049.9359583333,0.0447098861952057,0.16774409630316012,411041.22,0.03962932197420571,0.01002327826382764
Columbia County,2023,413049.9359583333,0.0299306943474014,83619.0,1199.0,0.0954037064250142,0.3809222327740846,428721.63425,0.03794141319815525,0.0447098861952057,428533.56,0.037486088711628826,0.009075437483038433
Columbia County,2024,428721.63425,0.0212480686884967,81528.0,1260.0,0.0932896890343698,0.3937153808891978,441583.5739833333,0.030000678075959037,0.03794141319815525,440020.44,0.026354637478852624,0.006147260920237227
Columbia County,2025,441583.5739833333,0.0109223309083794,81528.0,1260.0,0.0932896890343698,0.3937153808891978,452476.0003,0.02466673798214655,0.030000678075959037,453812.62,0.027693627519596677,0.006271435160004824
Cortland County,2022,158736.72226666668,0.0458766612149439,65029.0,884.0,0.1018928456849534,0.2784040445446471,165657.81279166669,0.043601067391155116,0.09916301190669291,165982.77,0.04564818559224419,0.028757167806173045
Cortland County,2023,165657.81279166669,0.0162435362296661,67527.0,911.0,0.1015710868300252,0.2833230642842473,174569.792475,0.05379752112591952,0.043601067391155116,176571.98,0.06588383245805081,0.03977103847248492
Cortland County,2024,174569.792475,0.0248919711169959,70418.0,984.0,0.1016952817540976,0.2913667837773305,183386.27336666663,0.05050404635687035,0.05379752112591952,183842.4,0.053116943335588425,0.030427339451179827
Cortland County,2025,183386.27336666663,0.021800404386652,70418.0,984.0,0.1016952817540976,0.2913667837773305,189985.373,0.03598469783034945,0.05050404635687035,197104.27,0.07480381168390562,0.040790300337441944
Delaware County,2022,211408.94915,0.0683032028738874,58338.0,785.0,0.0942715684297779,0.2499547620483744,214948.86699166664,0.016744408672856034,0.15286012696336213,220504.48,0.04302341628190246,0.020350801825033554
Delaware County,2023,214948.86699166664,0.0171977018620082,60226.0,848.0,0.0949473636955399,0.266954135633085,226052.76178333332,0.051658308076111735,0.016744408672856034,226355.98,0.05306898120926407,0.02468911883649124
Delaware County,2024,226052.76178333332,0.0332653676708106,63337.0,880.0,0.092656281610358,0.2759139914473288,233818.06419166664,0.03435172544264772,0.051658308076111735,231824.75,0.025533809766938417,0.011295508873902642
Delaware County,2025,233818.06419166664,-0.0091962208094174,63337.0,880.0,0.092656281610358,0.2759139914473288,233327.2692,-0.002099046510214491,0.03435172544264772,242108.97,0.03545878538938334,0.015165118021128113
Dutchess County,2022,394126.2042833333,0.0591628646669006,94578.0,1425.0,0.1093241406294798,0.3898172472331022,410145.6186916667,0.040645392856997586,0.11026582253984625,410882.53,0.04251513039366629,0.010787186929368085
Dutchess County,2023,410145.6186916667,0.0206592075608357,97273.0,1522.0,0.1098356352475567,0.3972561264074179,436528.7594,0.06432627707323438,0.040645392856997586,434343.22,0.05899758270128987,0.014384545393776892
Dutchess County,2024,436528.7594,0.0275302380837453,99478.0,1582.0,0.1084534907115552,0.4161717164122998,459694.4577666667,0.053067977465007174,0.06432627707323438,457977.28,0.04913426982332294,0.011255677607783966
Dutchess County,2025,459694.4577666667,0.016205883332605,99478.0,1582.0,0.1084534907115552,0.4161717164122998,471903.3382,0.026558685289893805,0.053067977465007174,460718.22,0.0022270466089737515,0.0004844623578438188
Erie County,2022,233554.39977500003,0.0676221823844878,68014.0,984.0,0.1255971203660095,0.3638392059198532,245076.59273333332,0.04933408648877292,0.11751462234415444,249619.31,0.06878445767014654,0.029451150454203226
Erie County,2023,245076.59273333332,0.0292978020088013,71175.0,1037.0,0.1248836895975344,0.3692683166240569,261388.8124833333,0.06655968066174822,0.04933408648877292,262906.38,0.07275187755718139,0.029685363561563125
Erie County,2024,261388.8124833333,0.0267136722165567,72839.0,1090.0,0.1246352388225814,0.3804689377687179,271309.83403333335,0.037955035090236004,0.06655968066174822,272277.38,0.041656574408137546,0.015936632487204727
Erie County,2025,271309.83403333335,0.0114179649072775,72839.0,1090.0,0.1246352388225814,0.3804689377687179,277346.1476,0.022248782791725315,0.037955035090236004,283936.28,0.0465388483305598,0.017153395304072172
Essex County,2022,231423.50365833333,0.0706662300690072,68090.0,875.0,0.1068231762877204,0.311787072243346,252849.6232,0.09258402540348516,0.14525390802484944,248409.36,0.07339728008674554,0.031715568611867126
Essex County,2023,252849.6232,0.074824779708066,70215.0,890.0,0.1052134746608409,0.3130230306383567,260838.09389166665,0.031593761503642404,0.09258402540348516,262150.88,0.036785705599580255,0.014548451816550009
Essex County,2024,260838.09389166665,-0.0066668536359947,71661.0,934.0,0.1001271197901171,0.3279606845831329,242002.86084166667,-0.07221043816484404,0.031593761503642404,252604.08,-0.031567535415614814,-0.012102348604313024
Essex County,2025,242002.86084166667,-0.0229113015709387,71661.0,934.0,0.1001271197901171,0.3279606845831329,256945.9936,0.061747752511529384,-0.07221043816484404,242090.33,0.00036143078238466827,0.00014934979740637808
Franklin County,2022,154681.37138333335,0.0705342642845066,60270.0,788.0,0.1284687835816178,0.221476708441712,159471.5714,0.03096817654141109,0.12560331643832132,161306.16,0.04282858890776852,0.02768826557765005
Franklin County,2023,159471.5714,0.0193953609842851,63747.0,819.0,0.1224450771257383,0.2377098142285407,160021.02999166667,0.0034454955628955685,0.03096817654141109,163594.55,0.025853984122715015,0.016212284042693655
Franklin County,2024,160021.02999166667,0.0191801145191256,65151.0,843.0,0.1243575466849409,0.2380711866421059,159906.71095,-0.0007144001114891925,0.0034454955628955685,163594.55,0.02233154531950848,0.013955381564955198
Franklin County,2025,159906.71095,-0.0039579359488862,65151.0,843.0,0.1243575466849409,0.2380711866421059,163578.0161,0.022959043608544685,-0.0007144001114891925,163594.55,0.023062421227293663,0.014422422355059803
Fulton County,2022,177995.9843916667,0.0498677277100556,60557.0,855.0,0.1084459459459459,0.1932755722229406,182857.28975,0.027311320392691418,0.10167396494897604,184326.88,0.03556760356122792,0.019982250545025837
Fulton County,2023,182857.28975,0.0041306157218598,62615.0,883.0,0.1023736904919771,0.2115566037735849,194939.31784166663,0.06607353804808669,0.027311320392691418,195227.66,0.06765038745194463,0.03699627591792229
Fulton County,2024,194939.31784166663,0.0350371732936565,66533.0,912.0,0.1036256596871606,0.2090720458067397,200500.98988333333,0.028530273437111276,0.06607353804808669,206017.22,0.0568274324081253,0.029151344652945596
Fulton County,2025,200500.98988333333,0.0141922024385835,66533.0,912.0,0.1036256596871606,0.2090720458067397,204907.1096,0.021975550939825696,0.028530273437111276,214368.0,0.06916180376334076,0.034494494916750454
Genesee County,2022,178902.33475,0.0664080931582627,68178.0,866.0,0.1197168579479073,0.2316673445462593,184908.6721333333,0.03357327556248285,0.10462098478688141,187726.64,0.049324710531761184,0.02757074724636101
Genesee County,2023,184908.6721333333,0.0255953869099996,72055.0,909.0,0.1189099632397356,0.2361390405056018,196833.73255,0.06449162323802635,0.03357327556248285,197017.67,0.06548638093585558,0.03541552712499871
Genesee County,2024,196833.73255,0.0210177188243046,73314.0,929.0,0.1168428885389447,0.2382334596747109,205680.72764166663,0.04494653927989358,0.06449162323802635,206652.66,0.04988435454022494,0.025343397137253008
Genesee County,2025,205680.72764166663,-0.0017273731509101,73314.0,929.0,0.1168428885389447,0.2382334596747109,210420.5455,0.02304454050061028,0.04494653927989358,215453.0,0.04751185232754745,0.023099807586407298
Greene County,2022,315042.76345,0.0710978934915869,70294.0,1013.0,0.1038758399733705,0.2758791073046199,324307.5740083333,0.029408104654985032,0.17482382637855498,324902.38,0.031296105462091585,0.00993392297584342
Greene County,2023,324307.5740083333,0.0218863531413574,74011.0,993.0,0.1041552761071623,0.2893191031686936,341295.9288083333,0.05238346607212893,0.029408104654985032,340633.8,0.050341835344391815,0.015522867604411312
Greene County,2024,341295.9288083333,0.0249563714301495,77945.0,1004.0,0.1056339513594465,0.2994359564098351,344070.43730833335,0.00812933371249845,0.05238346607212893,343614.03,0.006792060045253331,0.00199007942138907
Greene County,2025,344070.43730833335,-0.0085085665442659,77945.0,1004.0,0.1056339513594465,0.2994359564098351,344694.7627,0.0018145278523513289,0.00812933371249845,336212.56,-0.022837983029886513,-0.006637589444925375
Hamilton County,2022,224185.02296666664,0.0698795372227954,66891.0,902.0,0.0713163064833005,0.2335037740443145,228384.75671666663,0.018733337733379405,0.1557380999781573,229794.4,0.025021222243590283,0.01116096959220626
Hamilton County,2023,228384.75671666663,0.0181172141899659,68950.0,860.0,0.0693845550764406,0.2689238210399032,240740.58349166668,0.05410092579133313,0.018733337733379405,239277.17,0.04769326690154924,0.02088285907833917
Hamilton County,2024,240740.58349166668,0.0403837571852296,68835.0,912.0,0.0685792886618196,0.3322179732313575,246287.09593333336,0.023039374422130512,0.05410092579133313,248591.36,0.0326109365087797,0.013546090167181363
Hamilton County,2025,246287.09593333336,0.0107505696411641,68835.0,912.0,0.0685792886618196,0.3322179732313575,250004.6625,0.015094443144000293,0.023039374422130512,259127.97,0.05213782219488468,0.021169530623316817
Herkimer County,2022,153661.76902500002,0.0733601946277598,68104.0,776.0,0.1042077853150448,0.2236300653290865,161068.3115916667,0.04820029480112039,0.12093006723335646,161556.81,0.05137936082016275,0.033436658412935215
Herkimer County,2023,161068.3115916667,0.0193868984246179,68858.0,811.0,0.1043515984782753,0.2261627365085282,172649.1821,0.0719003657137267,0.04820029480112039,173815.58,0.07914198893230857,0.04913566681753384
Herkimer County,2024,172649.1821,0.0319120828136221,68515.0,823.0,0.1008082735077062,0.2268235842460964,180742.789275,0.04687891987992211,0.0719003657137267,180540.94,0.04570977576614882,0.02647552407150895
Herkimer County,2025,180742.789275,0.0104372677336844,68515.0,823.0,0.1008082735077062,0.2268235842460964,184793.2936,0.022410323207069566,0.04687891987992211,193332.12,0.06965332213527671,0.03853726193707194
Jefferson County,2022,184863.21741666668,0.0596259112845075,62782.0,1143.0,0.1634637489888884,0.2521820741435945,192615.3218666667,0.04193427204356938,0.10236430476914227,195980.34,0.06013703801484867,0.03253055900206728
Jefferson County,2023,192615.3218666667,0.0147468823500915,64978.0,1214.0,0.1653922328425041,0.2567455320061091,205673.3419,0.06779325708248903,0.04193427204356938,203241.84,0.0551696603382843,0.028642404873935295
Jefferson County,2024,205673.3419,0.0316917486098609,66301.0,1213.0,0.1588577885952712,0.2645276244212572,210603.48371666667,0.023970738118621826,0.06779325708248903,216103.64,0.050712934542928245,0.02465702850668186
Jefferson County,2025,210603.48371666667,-0.0022178089002961,66301.0,1213.0,0.1588577885952712,0.2645276244212572,211995.2529,0.0066084812975160745,0.023970738118621826,216103.64,0.026116172492820264,0.01240063650986676
Kings County,2022,874340.56435,0.0200721003759007,74692.0,1715.0,0.1501772639404094,0.4040221412328597,848574.4595750001,-0.029469186064991583,0.05061683298698718,844730.3,-0.033865810483141405,-0.0038732974156721004
Kings County,2023,848574.4595750001,0.0042688439135025,78548.0,1784.0,0.1470400626382587,0.4132591826148946,866787.4679166666,0.021463064479678478,-0.029469186064991583,860045.2,0.013517644557373192,0.0015929827258934198
Kings County,2024,866787.4679166666,0.0153711451889801,80263.0,1833.0,0.1452864818854072,0.4210757763746419,905357.9630583334,0.0444982150403851,0.021463064479678478,891291.2,0.028269582210536933,0.003261420273932108
Kings County,2025,905357.9630583334,0.0163345044111264,80263.0,1833.0,0.1452864818854072,0.4210757763746419,928469.9722,0.0255280343076603,0.0444982150403851,883157.0,-0.024521751576953812,-0.00270851448570888
Lewis County,2022,156239.14587500002,0.0595297629691924,64401.0,768.0,0.1158486324466092,0.1920995670995671,162402.52431666668,0.03944836236238583,0.10206108067727307,163203.9,0.04457756304282525,0.028531622336498034
Lewis County,2023,162402.52431666668,0.018359566106395,68329.0,821.0,0.1138327447591855,0.1940791253991448,172384.74265833336,0.06146590629467358,0.03944836236238583,173815.58,0.07027633256536796,0.04327293116967628
Lewis County,2024,172384.74265833336,0.0322658234775734,68182.0,837.0,0.1132408764610816,0.1855437237818651,178238.20351666666,0.03395579427777356,0.06146590629467358,179964.42,0.04396954799932364,0.025506635518475845
Lewis County,2025,178238.20351666666,0.0006929474135343,68182.0,837.0,0.1132408764610816,0.1855437237818651,182569.9541,0.024303154418453782,0.03395579427777356,187726.64,0.053234586755953786,0.02986710239759342
Livingston County,2022,188914.98111666663,0.0691570660288677,70443.0,919.0,0.0998225233946434,0.2946287896872762,200322.7021833333,0.0603854760444949,0.11321561933597812,201717.0,0.06776603320531437,0.03587118014926761
Livingston County,2023,200322.7021833333,0.0344997725936028,72464.0,912.0,0.1003766967591089,0.3059771272387254,214875.26131666664,0.07264558122830718,0.0603854760444949,216079.72,0.0786581670221582,0.03926572783057361
Livingston County,2024,214875.26131666664,0.0298507560104531,74001.0,931.0,0.0984910078376532,0.3055369127516778,225370.382725,0.0488428558225996,0.07264558122830718,228163.14,0.06183996811410832,0.02877947313952225
Livingston County,2025,225370.382725,0.0033210117022144,74001.0,931.0,0.0984910078376532,0.3055369127516778,228069.6311,0.011976943653211322,0.0488428558225996,230999.56,0.02497746024538104,0.011082849460241134
Madison County,2022,190150.61163333332,0.0595661174053843,68869.0,867.0,0.0965598353425463,0.2687766729490262,201625.5993,0.06034683542745503,0.10991747839463718,201909.02,0.061837318800427345,0.0325201787516035
Madison County,2023,201625.5993,0.0287784980790395,73141.0,891.0,0.0965488663943645,0.2801710106556132,219166.905925,0.08699940228770343,0.06034683542745503,216769.39,0.07510847520144233,0.037251457881440915
Madison County,2024,219166.905925,0.0407464565855716,75499.0,928.0,0.0949530655893536,0.2963824008690929,234927.84224166663,0.07191293890903447,0.08699940228770343,231987.98,0.058499153400410904,0.026691599789445217
Madison County,2025,234927.84224166663,0.0123464794432903,75499.0,928.0,0.0949530655893536,0.2963824008690929,240360.8128,0.023126124628278722,0.07191293890903447,248752.02,0.05884433812282096,0.02504783492724064
Monroe County,2022,211035.01228333332,0.0699814411730045,71450.0,1085.0,0.1223787225378963,0.4048664485198995,229151.2926416667,0.08584490394423581,0.1169837282051872,225558.83,0.06882183048454144,0.03261156987170546
Monroe County,2023,229151.2926416667,0.0545410417693447,74409.0,1126.0,0.1217489669366688,0.4117653766117767,249609.2630083333,0.08927713272234335,0.08584490394423581,251893.4,0.09924497194042056,0.04330980235647809
Monroe County,2024,249609.2630083333,0.037437962151107,76382.0,1173.0,0.1210290373636987,0.4146508447960977,262329.4683833333,0.050960470063065415,0.08927713272234335,263783.56,0.05678595145402709,0.02274993755024679
Monroe County,2025,262329.4683833333,0.0080870027732838,76382.0,1173.0,0.1210290373636987,0.4146508447960977,267127.8737,0.018291522283935522,0.050960470063065415,280389.84,0.06884615547756792,0.0262441562138819
Montgomery County,2022,173163.7215083333,0.0683133393729425,58033.0,867.0,0.1240528776398516,0.1977615203007957,179840.0174,0.03855481872018677,0.11356146947246973,180290.28,0.041155039170971665,0.023766548104009834
Montgomery County,2023,179840.0174,0.0111518128835769,62923.0,921.0,0.1213885687713552,0.2051536753535117,193932.5789833333,0.07836165602669308,0.03855481872018677,193081.47,0.07362905954656557,0.040941421498419825
Montgomery County,2024,193932.5789833333,0.0302128730469419,64943.0,940.0,0.123505895654983,0.2292352992624121,198741.95771666663,0.02479923052921726,0.07836165602669308,202245.36,0.04286428012892612,0.02210267112087954
Montgomery County,2025,198741.95771666663,-0.0021424029052658,64943.0,940.0,0.123505895654983,0.2292352992624121,197556.2529,-0.005966051810544289,0.02479923052921726,206017.22,0.03660656822000936,0.018419144422536553
Nassau County,2022,690608.8888083333,0.0357913929489716,137709.0,2131.0,0.1138580149154885,0.4822290333521997,706581.0907833334,0.023127709813525008,0.07206861260395585,706721.75,0.023331384018919765,0.0033783787606873664
Nassau County,2023,706581.0907833334,0.0155489186607569,143408.0,2195.0,0.1142919508002806,0.487138018872195,761278.7380333333,0.07741170541283626,0.023127709813525008,747599.75,0.05805230249112991,0.008215943399613438
Nassau County,2024,761278.7380333333,0.0333831640410729,146202.0,2252.0,0.1142983798830015,0.4967532667242132,797851.0455916667,0.04804062655527893,0.07741170541283626,793246.8,0.0419926012241615,0.0055160612172939485
Nassau County,2025,797851.0455916667,0.0126355857240141,146202.0,2252.0,0.1142983798830015,0.4967532667242132,815539.8609,0.02217057357519118,0.04804062655527893,803139.0,0.006627746416515467,0.0008306997218510247
New York County,2022,1417341.485833333,0.0396988578050457,99880.0,2024.0,0.1433603079714217,0.6275048712952518,1218019.1644166666,-0.14063112059368948,0.04783992334029448,1175152.9,-0.1708752712413107,-0.012056041042278792
New York County,2023,1218019.1644166666,-0.0410962701290492,104553.0,2132.0,0.1411166564687785,0.6400278318158594,1161799.982916667,-0.04615623722712457,-0.14063112059368948,1151385.2,-0.05470678652956902,-0.004491455317599143
New York County,2024,1161799.982916667,-0.0040097942305349,103931.0,2197.0,0.1393661892742272,0.641899555133559,1191881.0259166667,0.025891757137474044,-0.04615623722712457,1175152.9,0.011493279634770728,0.0009892649168333747
New York County,2025,1191881.0259166667,-0.013681058042658,103931.0,2197.0,0.1393661892742272,0.641899555133559,1203576.5,0.009812618733768645,0.025891757137474044,1175152.9,-0.014035084503338938,-0.0011775575076836766
Niagara County,2022,194014.99836666664,0.0672412882025348,65882.0,823.0,0.1155067615322998,0.270287807979445,204080.09184166664,0.05187791438669139,0.1106524424265719,203747.95,0.0501659914969005,0.025856759487270353
Niagara County,2023,204080.09184166664,0.0342129484407703,67809.0,870.0,0.1160588811446903,0.271635151626491,217056.8097083333,0.06358639762243208,0.05187791438669139,215068.22,0.05384222835835639,0.02638289108578475
Niagara County,2024,217056.8097083333,0.0303175204809173,69633.0,899.0,0.1140133161858571,0.2795640362734419,227643.64450833327,0.04877448818226826,0.06358639762243208,228317.39,0.051878496379809125,0.023900884035621843
Niagara County,2025,227643.64450833327,0.0189746171039259,69633.0,899.0,0.1140133161858571,0.2795640362734419,235201.4987,0.03320037424277866,0.04877448818226826,232258.6,0.02027269090527057,0.008905449984802213
Oneida County,2022,177144.59875833333,0.0594787874386354,66402.0,889.0,0.116621583605635,0.2731570948798288,184413.25231666665,0.041032318282814034,0.10791767559719871,184473.08,0.04137004129978824,0.02335382596464409
Oneida County,2023,184413.25231666665,0.0240760090478181,68819.0,917.0,0.1162054475385921,0.2775022160194632,198028.131925,0.07382809769524831,0.041032318282814034,197287.45,0.06981169003096543,0.03785611345929074
Oneida County,2024,198028.131925,0.0287940511399791,70154.0,944.0,0.1151036120179466,0.2784682798639533,211390.1385333333,0.06747529494139722,0.07382809769524831,207767.45,0.04918150318000585,0.02483561436545418
Oneida County,2025,211390.1385333333,0.0251333450005534,70154.0,944.0,0.1151036120179466,0.2784682798639533,220233.938,0.04183638616269776,0.06747529494139722,222364.64,0.05191586593305622,0.024559265769566543
Onondaga County,2022,194734.8323083333,0.06351511881718,71479.0,1002.0,0.1205132056948567,0.3694195465361427,212564.086075,0.09155657236727299,0.10408585283242572,210404.16,0.08046492636128227,0.04132025349932167
Onondaga County,2023,212564.086075,0.0471754343156722,74740.0,1067.0,0.1206099942537387,0.3813416842183054,236618.9125583333,0.11316505496062929,0.09155657236727299,232227.34,0.0925050794707725,0.04351867767452188
Onondaga County,2024,236618.9125583333,0.042076174341707,76945.0,1108.0,0.1190480738821002,0.3921619285764814,253318.085825,0.0705741273430536,0.11316505496062929,252895.67,0.06878891945145765,0.029071606621680856
Onondaga County,2025,253318.085825,0.0205051812572595,76945.0,1108.0,0.1190480738821002,0.3921619285764814,260844.1761,0.029710039259491648,0.0705741273430536,266272.0,0.051136949550254295,0.020186852977241147
Ontario County,2022,244407.40875000003,0.0689506132375372,76603.0,1061.0,0.107874394414363,0.3723877612238776,261637.61085833333,0.07049787155166708,0.11449669021765001,263783.56,0.07927809491986182,0.03243686241972884
Ontario County,2023,261637.61085833333,0.0409503668090011,79814.0,1126.0,0.1078154886348472,0.3717133848101894,279562.10000000003,0.06850883969954966,0.07049787155166708,280741.2,0.07301540699364711,0.027907076033186276
Ontario County,2024,279562.10000000003,0.0296158328581764,82324.0,1150.0,0.1091320754716981,0.3797148595862137,292483.1610583333,0.04621892974166834,0.06850883969954966,293015.44,0.04812289469853018,0.01721366905547289
Ontario County,2025,292483.1610583333,0.0077725125456195,82324.0,1150.0,0.1091320754716981,0.3797148595862137,300873.8021,0.028687603796764334,0.04621892974166834,304246.8,0.040219927188630676,0.01375119410057564
Orange County,2022,374578.4822083334,0.0610565889542017,91806.0,1494.0,0.1255043777119258,0.3156118966357874,393514.9543166666,0.0505540841446442,0.1458839530593458,393670.0,0.05096800456639225,0.013606762531021421
Orange County,2023,393514.9543166666,0.0168290904767049,96497.0,1602.0,0.1275876584786054,0.3224233660181261,422911.3981666667,0.07470222802852976,0.0505540841446442,420529.12,0.06864839667972253,0.017444927041954363
Orange County,2024,422911.3981666667,0.0260485459590139,97178.0,1680.0,0.1281872823499321,0.3254683183453582,439216.6155083333,0.038554688789070785,0.07470222802852976,439362.53,0.03889971553060396,0.009198076878333232
Orange County,2025,439216.6155083333,0.0077309400194719,97178.0,1680.0,0.1281872823499321,0.3254683183453582,447341.7418,0.018499132329643266,0.038554688789070785,458162.1,0.04313470295230038,0.009820826769583351
Orleans County,2022,154940.790275,0.0717295059259403,61069.0,840.0,0.1179137192388163,0.1779906589847611,163162.982625,0.05306667363324185,0.10248393127237229,163313.83,0.05404024230894219,0.03487799578989348
Orleans County,2023,163162.982625,0.040046789726495,63838.0,877.0,0.1146500025197802,0.1750077179021027,174577.6792916667,0.06995886250070127,0.05306667363324185,174890.64,0.07187695279482512,0.044052242511416345
Orleans County,2024,174577.6792916667,0.029053269469717,65969.0,874.0,0.1163401333064027,0.1792414216522273,179980.5427,0.03094819125935765,0.06995886250070127,182275.36,0.04409315162491539,0.025257038473543353
Orleans County,2025,179980.5427,0.0039745304151427,65969.0,874.0,0.1163401333064027,0.1792414216522273,186145.9212,0.034255805697156735,0.03094819125935765,193081.47,0.0727907909014212,0.040443700085265495
Oswego County,2022,155760.24413333333,0.0639588969677574,65054.0,899.0,0.1116260155713886,0.2143248561536354,162454.25775000002,0.042976393969545314,0.10450908860745799,163313.83,0.048494941913423566,0.031134351504939282
Oswego County,2023,162454.25775000002,0.0376124476379097,68461.0,943.0,0.1116367798550171,0.2192422148344602,178193.1509,0.09688199846519557,0.042976393969545314,175141.3,0.07809607024596424,0.04807265215919786
Oswego County,2024,178193.1509,0.0482725100283121,69183.0,967.0,0.1117139877747916,0.2163831925267036,185249.91246666663,0.03960175534819966,0.09688199846519557,186089.27,0.044312111240634625,0.024867460402842354
Oswego County,2025,185249.91246666663,-0.0032242244959881,69183.0,967.0,0.1117139877747916,0.2163831925267036,190039.7017,0.025855824542941334,0.03960175534819966,196873.0,0.06274274237740757,0.03386924265818335
Otsego County,2022,179575.36525,0.060382849182181,65778.0,927.0,0.0887261637454338,0.3369587314494816,187930.897525,0.04652939039476633,0.10139810338848312,189639.03,0.05604146195659762,0.03120776721159843
Otsego County,2023,187930.897525,0.0282352669392707,67086.0,942.0,0.0909638755900766,0.3385222929936305,198414.3741,0.055783677474351374,0.04652939039476633,200428.2,0.06649947275613637,0.035385066336571985
Otsego County,2024,198414.3741,0.0278988250460751,68885.0,987.0,0.0943135689092966,0.3438669756308726,199928.41753333333,0.007630714459075774,0.055783677474351374,207584.27,0.046215862971593115,0.02329259822088319
Otsego County,2025,199928.41753333333,-0.0005999114538877,68885.0,987.0,0.0943135689092966,0.3438669756308726,197647.0396,-0.011410973794923231,0.007630714459075774,207452.53,0.03763403826978327,0.018823756389463084
Putnam County,2022,447593.4599083333,0.0518010092985581,120970.0,1691.0,0.1053582732637683,0.4282623451552689,468216.7753833334,0.04607599824899967,0.09977861280673243,467173.47,0.043745073589048084,0.009773394275690944
Putnam County,2023,468216.7753833334,0.0245179788395774,127405.0,1824.0,0.1035739070090215,0.4354383055278359,507240.7353,0.08334592429909701,0.04607599824899967,507879.12,0.08470937331152795,0.018091913354060327
Putnam County,2024,507240.7353,0.0305279203811707,126257.0,1775.0,0.1060576717257688,0.4549310562049415,530622.0452833333,0.04609509520071323,0.08334592429909701,524546.94,0.034118320938409066,0.006726258079061866
Putnam County,2025,530622.0452833333,0.0085281325439406,126257.0,1775.0,0.1060576717257688,0.4549310562049415,542476.0388,0.022339805935384927,0.04609509520071323,524632.7,-0.011287427344137535,-0.002127206633133844
Queens County,2022,713942.1349666667,0.0168640687032983,82431.0,1847.0,0.1313565675742303,0.3476881829544397,680343.887475,-0.04706018295619346,0.042130749634536155,678266.44,-0.049970012581387085,-0.006999168438730702
Queens County,2023,680343.887475,-0.0251924495290662,84961.0,1915.0,0.1287596711591314,0.3526114601669068,683248.6743166667,0.004269586153625015,-0.04706018295619346,682536.4,0.003222616628683343,0.00047367466482922747
Queens County,2024,683248.6743166667,0.0204671736219378,86136.0,1956.0,0.1267195052026386,0.3613528896749841,712261.0322833332,0.042462369935342394,0.004269586153625015,705203.0,0.03213226239376223,0.0047028649453141605
Queens County,2025,712261.0322833332,0.0140707332963637,86136.0,1956.0,0.1267195052026386,0.3613528896749841,730362.8554,0.025414591415505033,0.042462369935342394,742918.8,0.0430428997616021,0.006043135565568873
Rensselaer County,2022,257948.6096,0.0525440918632824,83734.0,1141.0,0.1181660587910005,0.3536093839573135,267928.0859416667,0.03868784699844602,0.10357659080810278,266778.8,0.034232411307403315,0.013271019898299662
Rensselaer County,2023,267928.0859416667,0.0174974973814773,86663.0,1182.0,0.1172875309496635,0.3727220630372493,283304.41725833336,0.05738977032820073,0.03868784699844602,284278.44,0.06102514971832076,0.022776690059886875
Rensselaer County,2024,283304.41725833336,0.0275105122909888,87915.0,1217.0,0.1172255070728238,0.3755406308238686,297255.10926666664,0.04924276205553206,0.05738977032820073,298156.97,0.052426120409281254,0.018505225197910022
Rensselaer County,2025,297255.10926666664,0.0131878939595559,87915.0,1217.0,0.1172255070728238,0.3755406308238686,304815.2316,0.02543311148455719,0.04924276205553206,304246.8,0.023520884975138063,0.007912693252998908
Richmond County,2022,640218.444975,0.0312573992189237,96185.0,1602.0,0.1223938733072982,0.3533407420518281,646377.4217833333,0.009620117721809478,0.07958342264946944,645383.2,0.008067156711177992,0.0012600631510223058
Richmond County,2023,646377.4217833333,0.0084305905719167,98290.0,1689.0,0.1212459460885589,0.3577553761884358,662983.1401666667,0.025690436923862223,0.009620117721809478,662084.25,0.02429977856177603,0.003759379233070018
Richmond County,2024,662983.1401666667,0.0172794167485231,98333.0,1733.0,0.119885403955099,0.3570382265505164,688302.0749583333,0.03818940974170425,0.025690436923862223,683630.75,0.031143491564721706,0.004697478665429195
Richmond County,2025,688302.0749583333,0.0113686595622734,98333.0,1733.0,0.119885403955099,0.3570382265505164,708411.6761,0.029216243671623548,0.03818940974170425,705203.0,0.024554517059519,0.003567404189651095
Rockland County,2022,593770.3963166666,0.0548184766044142,106173.0,1755.0,0.1363962457681886,0.4246352001304312,627886.3778666666,0.05745652151341924,0.12174398041712385,626491.44,0.05510722896646864,0.009280898695575778
Rockland County,2023,627886.3778666666,0.0182344016363947,110631.0,1826.0,0.1388521726815682,0.4211961993154166,687389.3304666666,0.09476707044062607,0.05745652151341924,677146.25,0.07845348118667708,0.012494853201503424
Rockland County,2024,687389.3304666666,0.0329930983172495,109959.0,1901.0,0.1398109879695685,0.4270867180183108,712074.0266999999,0.03591079340229932,0.09476707044062607,708233.25,0.030323309672529417,0.004411373340919187
Rockland County,2025,712074.0266999999,0.0070593683995321,109959.0,1901.0,0.1398109879695685,0.4270867180183108,726311.4031,0.01999423636609953,0.03591079340229932,746670.0,0.0485847987748267,0.006822998305384856
Saint Lawrence County,2022,118263.92619166667,0.0564224635904924,58339.0,788.0,0.1109505843379037,0.2347970846215184,120786.157525,0.021327140190201595,0.11022137999520654,125134.42,0.058094601664065576,0.04912284204898919
Saint Lawrence County,2023,120786.157525,0.0201206468445801,61900.0,799.0,0.1093547070392222,0.2464004270322662,127384.416925,0.05462761242847141,0.021327140190201595,129850.91,0.07504791037933134,0.06213287343278399
Saint Lawrence County,2024,127384.416925,0.0158945393327388,62850.0,818.0,0.1089567828698263,0.2531087100082899,131697.21536666667,0.033856562252868934,0.05462761242847141,134055.11,0.0523666285957685,0.04110913238830488
Saint Lawrence County,2025,131697.21536666667,0.0082210671195527,62850.0,818.0,0.1089567828698263,0.2531087100082899,133574.0363,0.014251029743551968,0.033856562252868934,139682.8,0.06063591766993827,0.046041913263783076
Saratoga County,2022,373562.1506333333,0.0504466096024925,97038.0,1305.0,0.1129362580819877,0.4340602406111875,392029.43483333336,0.0494356405451966,0.10886988097598209,393201.47,0.05257309415145619,0.014073453122144286
Saratoga County,2023,392029.43483333336,0.0235627786509749,99653.0,1347.0,0.1121628176737319,0.4376616898107867,414423.2128416667,0.05712269543702451,0.0494356405451966,413899.56,0.055786953028066535,0.01423029703159501
Saratoga County,2024,414423.2128416667,0.0218148240043157,100787.0,1394.0,0.1098940759765657,0.4539218387637482,430329.2369666667,0.03838111291096284,0.05712269543702451,429481.38,0.03633522855797743,0.008767662484161947
Saratoga County,2025,430329.2369666667,0.0067277753811281,100787.0,1394.0,0.1098940759765657,0.4539218387637482,440173.87,0.022876979269934785,0.03838111291096284,439921.12,0.02228964989909872,0.005179673604381493
Schenectady County,2022,243240.74375,0.0453098955979121,75056.0,1092.0,0.1223102347488507,0.3424142961342086,256873.057625,0.05604453293816239,0.1010373070293198,258672.28,0.06344141718239589,0.026081739516304162
Schenectady County,2023,256873.057625,0.0237957906424548,76989.0,1159.0,0.1238009310601931,0.3505889843998726,274520.7321,0.06870192864198027,0.05604453293816239,267102.12,0.039821487973772135,0.015502399645160972
Schenectady County,2024,274520.7321,0.0310635480632733,79623.0,1194.0,0.1224363810960971,0.3610265489923307,285772.80694166664,0.04098806948237268,0.06870192864198027,289834.7,0.05578433105162179,0.020320625923182064
Schenectady County,2025,285772.80694166664,0.0117553470378702,79623.0,1194.0,0.1224363810960971,0.3610265489923307,293276.1713,0.02625639730607738,0.04098806948237268,297805.62,0.04210623882344956,0.014734165673098664
Schoharie County,2022,191953.5611833333,0.0634103229260636,71479.0,883.0,0.0955622288955622,0.2496164396299223,201524.80344166665,0.04986228022720517,0.11724656189042555,202053.69,0.052617551111855336,0.02741160455033222
Schoharie County,2023,201524.80344166665,0.0172218633498582,71188.0,916.0,0.0947329797524934,0.250127545104587,218687.87994166664,0.08516607487955208,0.04986228022720517,215212.89,0.06792259289956586,0.03370433402716441
Schoharie County,2024,218687.87994166664,0.0372100541924326,70133.0,909.0,0.0943791806715697,0.2619475551868749,231667.7552,0.05935342764215216,0.08516607487955208,229794.4,0.050787114088334195,0.02322356140718968
Schoharie County,2025,231667.7552,0.0097176367975743,70133.0,909.0,0.0943791806715697,0.2619475551868749,236741.7048,0.021901837809148818,0.05935342764215216,246909.78,0.06579260906137525,0.028399553923495368
Schuyler County,2022,210729.63011666667,0.0521586012228876,61316.0,808.0,0.1036684402128255,0.2448242113980275,216964.673525,0.029587881898152642,0.10163102404864609,216691.11,0.028289705890115535,0.013424645539620342
Schuyler County,2023,216964.673525,0.0206904466065935,65625.0,858.0,0.099329539692377,0.2536445350857315,225807.56239166667,0.04075727501162876,0.029587881898152642,226355.98,0.043284976754143736,0.019950241691837532
Schuyler County,2024,225807.56239166667,0.0304162731055902,67663.0,899.0,0.0979956724746612,0.2638369341171082,228693.11645833333,0.012778819434141121,0.04075727501162876,229794.4,0.017655935948761945,0.00781901888570829
Schuyler County,2025,228693.11645833333,-0.007330165865679,67663.0,899.0,0.0979956724746612,0.2638369341171082,229098.0425,0.0017706087876084176,0.012778819434141121,235653.61,0.030435952880701743,0.013308644069419121
Seneca County,2022,175328.21929166667,0.0426592325057263,64050.0,871.0,0.1245728210157201,0.2214754098360655,182965.976475,0.043562623371127554,0.11924709315051973,183651.9,0.047474884487855834,0.02707772010669837
Seneca County,2023,182965.976475,0.0310738865235277,66007.0,925.0,0.1244075471698113,0.2413620011712541,195252.40266666663,0.06715142579169857,0.043562623371127554,195537.22,0.06870808724767306,0.03755238464079203
Seneca County,2024,195252.40266666663,0.0370949140045877,68089.0,957.0,0.1195321992709599,0.2524218684188358,202907.7133833333,0.039207254876836246,0.06715142579169857,206267.88,0.05641657763432953,0.028894178439710913
Seneca County,2025,202907.7133833333,0.0040420206540375,68089.0,957.0,0.1195321992709599,0.2524218684188358,208464.4747,0.027385658356756822,0.039207254876836246,215068.22,0.05993121288441647,0.02953619253063801
Steuben County,2022,146748.854175,0.0650477174868623,62506.0,832.0,0.1129359719610189,0.2585234535966192,151765.81765833334,0.034187411626059844,0.10953623438945295,154625.81,0.053676455392330596,0.03657708654291822
Steuben County,2023,151765.81765833334,0.0191046468652157,64740.0,878.0,0.1132381709912505,0.2602120974076983,157036.681225,0.034730241947714686,0.034187411626059844,158149.11,0.042060141177753266,0.027713843490397967
Steuben County,2024,157036.681225,0.022598678807174,65887.0,894.0,0.1121419622413271,0.2634250560640039,158619.98229166667,0.010082364542575469,0.034730241947714686,163594.55,0.041760088145291176,0.026592569213467962
Steuben County,2025,158619.98229166667,-0.0125567300205494,65887.0,894.0,0.1121419622413271,0.2634250560640039,159843.1092,0.007711051852750021,0.010082364542575469,163594.55,0.03136152527230909,0.019771484537580052
Suffolk County,2022,591467.4064416667,0.0373037124358319,122498.0,2113.0,0.1135864809516125,0.390263741865835,604265.2422666667,0.021637432064081554,0.0971686989238806,604328.56,0.021744488230902675,0.003676362888991622
Suffolk County,2023,604265.2422666667,0.0146985169055555,128329.0,2190.0,0.1147514550888784,0.3986180066483671,650939.8606416667,0.07724193799384892,0.021637432064081554,648660.2,0.07346930143922038,0.012158452331897957
Suffolk County,2024,650939.8606416667,0.0238113730254722,130686.0,2255.0,0.1150393491862868,0.4021758027014389,676176.0245583333,0.03876881021203708,0.07724193799384892,676467.7,0.0392168745560752,0.006024654031390396
Suffolk County,2025,676176.0245583333,0.0029440968195951,130686.0,2255.0,0.1150393491862868,0.4021758027014389,688223.9469,0.017817730744795555,0.03876881021203708,682723.5,0.009683093164894997,0.0014320373413446341
Sullivan County,2022,257756.85339166663,0.0918770147691965,67841.0,996.0,0.1241282946967291,0.2776837785297718,272447.67335,0.05699487623714265,0.20279971267239136,264840.7,0.027482621762026788,0.01066222736676041
Sullivan County,2023,272447.67335,0.0325597496212813,69826.0,999.0,0.1237444249308249,0.2968562256774448,292407.29606666666,0.07326038967866512,0.05699487623714265,289743.66,0.0634836872979301,0.023301240387681988
Sullivan County,2024,292407.29606666666,0.0319431464003747,72382.0,1106.0,0.1233552012644096,0.3010386787578613,302068.6629083333,0.03304078582041918,0.07326038967866512,303921.16,0.03937610428403354,0.01346618392006747
Sullivan County,2025,302068.6629083333,-0.0042575128991715,72382.0,1106.0,0.1233552012644096,0.3010386787578613,304741.2131,0.00884749237453247,0.03304078582041918,307492.56,0.017955849969490737,0.0059442941868285346
Tioga County,2022,163395.3685,0.0526534572844377,70427.0,894.0,0.1038805229190799,0.2631594094454197,168940.09639166665,0.033934425085412626,0.08346283139056501,175141.3,0.07188654417092605,0.04399546011056369
Tioga County,2023,168940.09639166665,0.0206130616317361,71791.0,914.0,0.103043279424604,0.2559988435964151,178860.42818333334,0.058721002317103144,0.033934425085412626,179940.33,0.06511320857678853,0.0385421874188065
Tioga County,2024,178860.42818333334,0.033919324637042,72739.0,928.0,0.1038985458799933,0.2526552759178019,185626.83831666663,0.03783067166985462,0.058721002317103144,187871.31,0.05037941823235733,0.028166888978213803
Tioga County,2025,185626.83831666663,0.0073876555547598,72739.0,928.0,0.1038985458799933,0.2526552759178019,189112.0555,0.01877539484558701,0.03783067166985462,197017.67,0.06136415219711596,0.033057801745474395
Tompkins County,2022,283011.44056666666,0.061391635593661,69995.0,1320.0,0.096192287065477,0.574874092484793,298042.1327083333,0.05310983934632142,0.12621142383532627,297577.5,0.05146809402534431,0.018185870480108876
Tompkins County,2023,298042.1327083333,0.0341076394194745,73012.0,1374.0,0.0940619562787352,0.5924992684592125,318574.3127666667,0.06889019304672053,0.05310983934632142,317419.8,0.06501657874871622,0.02181455962548155
Tompkins County,2024,318574.3127666667,0.0262684421441499,74024.0,1411.0,0.0945215569606933,0.5875970259008089,330043.85185833334,0.03600271155592908,0.06889019304672053,332100.72,0.042459185945856355,0.013327874924101217
Tompkins County,2025,330043.85185833334,0.0028315152432931,74024.0,1411.0,0.0945215569606933,0.5875970259008089,335080.3834,0.01526018895158367,0.03600271155592908,340523.7,0.03175285824189504,0.009620799800726028
Ulster County,2022,354895.2886583333,0.0665794171095307,77197.0,1269.0,0.1110934214643733,0.3558729211723469,372926.55525,0.050807286452951,0.14287986060061086,372006.78,0.04821560933185666,0.013585869092298673
Ulster County,2023,372926.55525,0.0249816998007448,81804.0,1335.0,0.1109720002855432,0.3705043737204541,403130.83969166665,0.08099258155917198,0.050807286452951,399340.4,0.07082856028392209,0.01899262985883119
Ulster County,2024,403130.83969166665,0.0349033611894971,86271.0,1425.0,0.1102294072869261,0.3822150112239681,417027.160275,0.034470993571124146,0.08099258155917198,416411.38,0.03294348633433979,0.008171909239078934
Ulster County,2025,417027.160275,0.0050278259387627,86271.0,1425.0,0.1102294072869261,0.3822150112239681,422286.3436,0.012611129024622735,0.034470993571124146,431137.25,0.03383494186732447,0.008113366487931557
Warren County,2022,299838.449825,0.0587394366051762,74531.0,1062.0,0.1089458620059679,0.338419706992411,317683.67326666665,0.059516127608323595,0.1297496423040375,317603.03,0.05924717605553336,0.019759699294774512
Warren County,2023,317683.67326666665,0.0404544950914534,78239.0,1089.0,0.1063453325198291,0.3461538461538461,337956.8292833333,0.06381554270070781,0.059516127608323595,334670.22,0.0534699983435242,0.016831207532230018
Warren County,2024,337956.8292833333,0.0287879573310482,78442.0,1105.0,0.1073919746020116,0.3643598267351667,344039.4781916667,0.017998301502686512,0.06381554270070781,343179.22,0.015452830107742468,0.004572427235902151
Warren County,2025,344039.4781916667,0.0019155336099242,78442.0,1105.0,0.1073919746020116,0.3643598267351667,352306.7829,0.024030104776892807,0.017998301502686512,343828.25,-0.0006139649809288336,-0.00017845771193350946
Washington County,2022,204710.51525000003,0.0542398844300842,68703.0,964.0,0.1088892513456206,0.2112878285840512,213852.3961583333,0.04465760294320425,0.10079519885983092,215068.22,0.05059683176191885,0.02471628372393481
Washington County,2023,213852.3961583333,0.0256626005620393,72342.0,1000.0,0.1042819834765041,0.212296676096181,227371.06555833333,0.06321495406575202,0.04465760294320425,228476.73,0.06838519688991028,0.03197775574105742
Washington County,2024,227371.06555833333,0.0307350365623882,73495.0,1033.0,0.1087373186609827,0.2237207457358191,230963.419275,0.015799520083372376,0.06321495406575202,232869.22,0.02418141102591653,0.010635219114858154
Washington County,2025,230963.419275,0.0016020301167084,73495.0,1033.0,0.1087373186609827,0.2237207457358191,233168.4515,0.009547105909332545,0.015799520083372376,249019.98,0.07817932881613902,0.03384922558799394
Wayne County,2022,181584.39418333332,0.068103389053515,71007.0,877.0,0.1126428978143752,0.2499923352852806,194727.0042333333,0.07237742047772451,0.08579502573519834,193476.8,0.06549242706209507,0.036067211258238335
Wayne County,2023,194727.0042333333,0.0459909685742104,73914.0,929.0,0.1105368273198138,0.2553233800403842,212819.67619166663,0.09291300931561407,0.07237742047772451,206652.66,0.061242928599551986,0.03145066029268705
Wayne County,2024,212819.67619166663,0.0437836099861659,74506.0,938.0,0.1131872120005718,0.2559953594162634,225534.66481666663,0.05974536214193281,0.09291300931561407,226846.75,0.06591060591456077,0.03097016549127784
Wayne County,2025,225534.66481666663,0.0101336414485175,74506.0,938.0,0.1131872120005718,0.2559953594162634,231047.6808,0.024444206782202698,0.05974536214193281,230034.52,0.019951925403534868,0.00884650056777456
Westchester County,2022,702212.63125,0.0415424697003991,114651.0,1796.0,0.111461623562988,0.5175983794298079,725313.303,0.03289697553414663,0.07912268298358191,721282.7,0.027157096584909977,0.0038673608785088306
Westchester County,2023,725313.303,0.0187090803945944,118411.0,1876.0,0.111515034788261,0.5251003296031853,770970.2597666667,0.0629479103413973,0.03289697553414663,769352.44,0.06071739525229699,0.008371195592464818
Westchester County,2024,770970.2597666667,0.0227178107266146,118976.0,1951.0,0.111660066201383,0.5311677947987175,802318.0177916667,0.04066013912714007,0.0629479103413973,795004.8,0.031174422656209004,0.004043531155876741
Westchester County,2025,802318.0177916667,0.0070481304721866,118976.0,1951.0,0.111660066201383,0.5311677947987175,827766.1954,0.03171831748011582,0.04066013912714007,803139.0,0.001023262833599366,0.00012753830911286737
Wyoming County,2022,174457.87365,0.0613176049737959,65066.0,787.0,0.1297783727502603,0.1822371319169123,178236.1875166667,0.021657456826779872,0.1011365038582436,180180.36,0.03280153314536289,0.01880197921658143
Wyoming County,2023,178236.1875166667,0.0151170403195173,68913.0,782.0,0.1250375187593796,0.1823148522865236,188801.24764166668,0.05927561777549837,0.021657456826779872,187616.72,0.05262977941814509,0.029528111070723916
Wyoming County,2024,188801.24764166668,0.0284193792436737,69110.0,802.0,0.1297512137448746,0.1815733665466051,192670.7017,0.02049485428018632,0.05927561777549837,199442.88,0.056364179216286156,0.029853711201772326
Wyoming County,2025,192670.7017,-0.0052546989367396,69110.0,802.0,0.1297512137448746,0.1815733665466051,192160.4937,-0.002648082949292613,0.02049485428018632,201126.33,0.04388641526912545,0.022777939189456666
Yates County,2022,252468.93946666663,0.0617104718157025,63974.0,773.0,0.1101849229150649,0.2403559058879732,262350.48079166666,0.03913963177361342,0.11035748455575516,260839.45,0.03315462755939735,0.013132160981638193
Yates County,2023,262350.48079166666,0.0332810404571289,67521.0,802.0,0.1160855623655477,0.2502694933524973,281197.5915583333,0.07183943673285356,0.03913963177361342,278964.5,0.06332757294059081,0.024138538930629762
Yates County,2024,281197.5915583333,0.0402002594419275,69701.0,834.0,0.1180787735464405,0.2549240626483151,295971.5519083333,0.052539427055993154,0.07183943673285356,293866.28,0.045052625171715315,0.016021696673162767
Yates County,2025,295971.5519083333,-0.0029063912156162,69701.0,834.0,0.1180787735464405,0.2549240626483151,298935.2685,0.010013518436341448,0.052539427055993154,301269.56,0.017900404810890575,0.006048015322916774
